"time","formula","num_records","seed"
2.405,"choice ~ 0 | user_latent_0 + user_latent_1 + user_latent_2 + user_latent_3 + user_latent_4 + user_latent_5 + user_latent_6 + user_latent_7 + user_latent_8 + user_latent_9 - 1 | 0",1000,1
0.454000000000001,"choice ~ item_latent_0 + item_latent_1 + item_latent_2 + item_latent_3 + item_latent_4 + item_latent_5 + item_latent_6 + item_latent_7 + item_latent_8 + item_latent_9 - 1 | 0 | 0",1000,1
2.404,"choice ~ item_latent_0 + item_latent_1 + item_latent_2 + item_latent_3 + item_latent_4 + item_latent_5 + item_latent_6 + item_latent_7 + item_latent_8 + item_latent_9 - 1 | user_latent_0 + user_latent_1 + user_latent_2 + user_latent_3 + user_latent_4 + user_latent_5 + user_latent_6 + user_latent_7 + user_latent_8 + user_latent_9 - 1 | 0",1000,1
4.168,"choice ~ 0 | user_latent_0 + user_latent_1 + user_latent_2 + user_latent_3 + user_latent_4 + user_latent_5 + user_latent_6 + user_latent_7 + user_latent_8 + user_latent_9 - 1 | 0",2000,1
0.957999999999998,"choice ~ item_latent_0 + item_latent_1 + item_latent_2 + item_latent_3 + item_latent_4 + item_latent_5 + item_latent_6 + item_latent_7 + item_latent_8 + item_latent_9 - 1 | 0 | 0",2000,1
4.839,"choice ~ item_latent_0 + item_latent_1 + item_latent_2 + item_latent_3 + item_latent_4 + item_latent_5 + item_latent_6 + item_latent_7 + item_latent_8 + item_latent_9 - 1 | user_latent_0 + user_latent_1 + user_latent_2 + user_latent_3 + user_latent_4 + user_latent_5 + user_latent_6 + user_latent_7 + user_latent_8 + user_latent_9 - 1 | 0",2000,1
6.779,"choice ~ 0 | user_latent_0 + user_latent_1 + user_latent_2 + user_latent_3 + user_latent_4 + user_latent_5 + user_latent_6 + user_latent_7 + user_latent_8 + user_latent_9 - 1 | 0",3000,1
1.51700000000001,"choice ~ item_latent_0 + item_latent_1 + item_latent_2 + item_latent_3 + item_latent_4 + item_latent_5 + item_latent_6 + item_latent_7 + item_latent_8 + item_latent_9 - 1 | 0 | 0",3000,1
6.98999999999999,"choice ~ item_latent_0 + item_latent_1 + item_latent_2 + item_latent_3 + item_latent_4 + item_latent_5 + item_latent_6 + item_latent_7 + item_latent_8 + item_latent_9 - 1 | user_latent_0 + user_latent_1 + user_latent_2 + user_latent_3 + user_latent_4 + user_latent_5 + user_latent_6 + user_latent_7 + user_latent_8 + user_latent_9 - 1 | 0",3000,1
11.083,"choice ~ 0 | user_latent_0 + user_latent_1 + user_latent_2 + user_latent_3 + user_latent_4 + user_latent_5 + user_latent_6 + user_latent_7 + user_latent_8 + user_latent_9 - 1 | 0",5000,1
2.56299999999999,"choice ~ item_latent_0 + item_latent_1 + item_latent_2 + item_latent_3 + item_latent_4 + item_latent_5 + item_latent_6 + item_latent_7 + item_latent_8 + item_latent_9 - 1 | 0 | 0",5000,1
11.969,"choice ~ item_latent_0 + item_latent_1 + item_latent_2 + item_latent_3 + item_latent_4 + item_latent_5 + item_latent_6 + item_latent_7 + item_latent_8 + item_latent_9 - 1 | user_latent_0 + user_latent_1 + user_latent_2 + user_latent_3 + user_latent_4 + user_latent_5 + user_latent_6 + user_latent_7 + user_latent_8 + user_latent_9 - 1 | 0",5000,1
16.682,"choice ~ 0 | user_latent_0 + user_latent_1 + user_latent_2 + user_latent_3 + user_latent_4 + user_latent_5 + user_latent_6 + user_latent_7 + user_latent_8 + user_latent_9 - 1 | 0",7000,1
3.762,"choice ~ item_latent_0 + item_latent_1 + item_latent_2 + item_latent_3 + item_latent_4 + item_latent_5 + item_latent_6 + item_latent_7 + item_latent_8 + item_latent_9 - 1 | 0 | 0",7000,1
16.192,"choice ~ item_latent_0 + item_latent_1 + item_latent_2 + item_latent_3 + item_latent_4 + item_latent_5 + item_latent_6 + item_latent_7 + item_latent_8 + item_latent_9 - 1 | user_latent_0 + user_latent_1 + user_latent_2 + user_latent_3 + user_latent_4 + user_latent_5 + user_latent_6 + user_latent_7 + user_latent_8 + user_latent_9 - 1 | 0",7000,1
22.965,"choice ~ 0 | user_latent_0 + user_latent_1 + user_latent_2 + user_latent_3 + user_latent_4 + user_latent_5 + user_latent_6 + user_latent_7 + user_latent_8 + user_latent_9 - 1 | 0",10000,1
5.33500000000001,"choice ~ item_latent_0 + item_latent_1 + item_latent_2 + item_latent_3 + item_latent_4 + item_latent_5 + item_latent_6 + item_latent_7 + item_latent_8 + item_latent_9 - 1 | 0 | 0",10000,1
23.666,"choice ~ item_latent_0 + item_latent_1 + item_latent_2 + item_latent_3 + item_latent_4 + item_latent_5 + item_latent_6 + item_latent_7 + item_latent_8 + item_latent_9 - 1 | user_latent_0 + user_latent_1 + user_latent_2 + user_latent_3 + user_latent_4 + user_latent_5 + user_latent_6 + user_latent_7 + user_latent_8 + user_latent_9 - 1 | 0",10000,1
97.028,"choice ~ 0 | user_latent_0 + user_latent_1 + user_latent_2 + user_latent_3 + user_latent_4 + user_latent_5 + user_latent_6 + user_latent_7 + user_latent_8 + user_latent_9 - 1 | 0",30000,1
17.735,"choice ~ item_latent_0 + item_latent_1 + item_latent_2 + item_latent_3 + item_latent_4 + item_latent_5 + item_latent_6 + item_latent_7 + item_latent_8 + item_latent_9 - 1 | 0 | 0",30000,1
103.117,"choice ~ item_latent_0 + item_latent_1 + item_latent_2 + item_latent_3 + item_latent_4 + item_latent_5 + item_latent_6 + item_latent_7 + item_latent_8 + item_latent_9 - 1 | user_latent_0 + user_latent_1 + user_latent_2 + user_latent_3 + user_latent_4 + user_latent_5 + user_latent_6 + user_latent_7 + user_latent_8 + user_latent_9 - 1 | 0",30000,1
168.601,"choice ~ 0 | user_latent_0 + user_latent_1 + user_latent_2 + user_latent_3 + user_latent_4 + user_latent_5 + user_latent_6 + user_latent_7 + user_latent_8 + user_latent_9 - 1 | 0",50000,1
31.141,"choice ~ item_latent_0 + item_latent_1 + item_latent_2 + item_latent_3 + item_latent_4 + item_latent_5 + item_latent_6 + item_latent_7 + item_latent_8 + item_latent_9 - 1 | 0 | 0",50000,1
173.53,"choice ~ item_latent_0 + item_latent_1 + item_latent_2 + item_latent_3 + item_latent_4 + item_latent_5 + item_latent_6 + item_latent_7 + item_latent_8 + item_latent_9 - 1 | user_latent_0 + user_latent_1 + user_latent_2 + user_latent_3 + user_latent_4 + user_latent_5 + user_latent_6 + user_latent_7 + user_latent_8 + user_latent_9 - 1 | 0",50000,1
237.566,"choice ~ 0 | user_latent_0 + user_latent_1 + user_latent_2 + user_latent_3 + user_latent_4 + user_latent_5 + user_latent_6 + user_latent_7 + user_latent_8 + user_latent_9 - 1 | 0",70000,1
45.4780000000001,"choice ~ item_latent_0 + item_latent_1 + item_latent_2 + item_latent_3 + item_latent_4 + item_latent_5 + item_latent_6 + item_latent_7 + item_latent_8 + item_latent_9 - 1 | 0 | 0",70000,1
256.975,"choice ~ item_latent_0 + item_latent_1 + item_latent_2 + item_latent_3 + item_latent_4 + item_latent_5 + item_latent_6 + item_latent_7 + item_latent_8 + item_latent_9 - 1 | user_latent_0 + user_latent_1 + user_latent_2 + user_latent_3 + user_latent_4 + user_latent_5 + user_latent_6 + user_latent_7 + user_latent_8 + user_latent_9 - 1 | 0",70000,1
356.803,"choice ~ 0 | user_latent_0 + user_latent_1 + user_latent_2 + user_latent_3 + user_latent_4 + user_latent_5 + user_latent_6 + user_latent_7 + user_latent_8 + user_latent_9 - 1 | 0",1e+05,1
66.424,"choice ~ item_latent_0 + item_latent_1 + item_latent_2 + item_latent_3 + item_latent_4 + item_latent_5 + item_latent_6 + item_latent_7 + item_latent_8 + item_latent_9 - 1 | 0 | 0",1e+05,1
360.362,"choice ~ item_latent_0 + item_latent_1 + item_latent_2 + item_latent_3 + item_latent_4 + item_latent_5 + item_latent_6 + item_latent_7 + item_latent_8 + item_latent_9 - 1 | user_latent_0 + user_latent_1 + user_latent_2 + user_latent_3 + user_latent_4 + user_latent_5 + user_latent_6 + user_latent_7 + user_latent_8 + user_latent_9 - 1 | 0",1e+05,1
2.66399999999976,"choice ~ 0 | user_latent_0 + user_latent_1 + user_latent_2 + user_latent_3 + user_latent_4 + user_latent_5 + user_latent_6 + user_latent_7 + user_latent_8 + user_latent_9 - 1 | 0",1000,2
0.467000000000098,"choice ~ item_latent_0 + item_latent_1 + item_latent_2 + item_latent_3 + item_latent_4 + item_latent_5 + item_latent_6 + item_latent_7 + item_latent_8 + item_latent_9 - 1 | 0 | 0",1000,2
3.27100000000019,"choice ~ item_latent_0 + item_latent_1 + item_latent_2 + item_latent_3 + item_latent_4 + item_latent_5 + item_latent_6 + item_latent_7 + item_latent_8 + item_latent_9 - 1 | user_latent_0 + user_latent_1 + user_latent_2 + user_latent_3 + user_latent_4 + user_latent_5 + user_latent_6 + user_latent_7 + user_latent_8 + user_latent_9 - 1 | 0",1000,2
4.97300000000041,"choice ~ 0 | user_latent_0 + user_latent_1 + user_latent_2 + user_latent_3 + user_latent_4 + user_latent_5 + user_latent_6 + user_latent_7 + user_latent_8 + user_latent_9 - 1 | 0",2000,2
1.01299999999992,"choice ~ item_latent_0 + item_latent_1 + item_latent_2 + item_latent_3 + item_latent_4 + item_latent_5 + item_latent_6 + item_latent_7 + item_latent_8 + item_latent_9 - 1 | 0 | 0",2000,2
5.85800000000017,"choice ~ item_latent_0 + item_latent_1 + item_latent_2 + item_latent_3 + item_latent_4 + item_latent_5 + item_latent_6 + item_latent_7 + item_latent_8 + item_latent_9 - 1 | user_latent_0 + user_latent_1 + user_latent_2 + user_latent_3 + user_latent_4 + user_latent_5 + user_latent_6 + user_latent_7 + user_latent_8 + user_latent_9 - 1 | 0",2000,2
8.19599999999991,"choice ~ 0 | user_latent_0 + user_latent_1 + user_latent_2 + user_latent_3 + user_latent_4 + user_latent_5 + user_latent_6 + user_latent_7 + user_latent_8 + user_latent_9 - 1 | 0",3000,2
1.54800000000023,"choice ~ item_latent_0 + item_latent_1 + item_latent_2 + item_latent_3 + item_latent_4 + item_latent_5 + item_latent_6 + item_latent_7 + item_latent_8 + item_latent_9 - 1 | 0 | 0",3000,2
7.50099999999975,"choice ~ item_latent_0 + item_latent_1 + item_latent_2 + item_latent_3 + item_latent_4 + item_latent_5 + item_latent_6 + item_latent_7 + item_latent_8 + item_latent_9 - 1 | user_latent_0 + user_latent_1 + user_latent_2 + user_latent_3 + user_latent_4 + user_latent_5 + user_latent_6 + user_latent_7 + user_latent_8 + user_latent_9 - 1 | 0",3000,2
11.8160000000003,"choice ~ 0 | user_latent_0 + user_latent_1 + user_latent_2 + user_latent_3 + user_latent_4 + user_latent_5 + user_latent_6 + user_latent_7 + user_latent_8 + user_latent_9 - 1 | 0",5000,2
2.69900000000007,"choice ~ item_latent_0 + item_latent_1 + item_latent_2 + item_latent_3 + item_latent_4 + item_latent_5 + item_latent_6 + item_latent_7 + item_latent_8 + item_latent_9 - 1 | 0 | 0",5000,2
12.1399999999999,"choice ~ item_latent_0 + item_latent_1 + item_latent_2 + item_latent_3 + item_latent_4 + item_latent_5 + item_latent_6 + item_latent_7 + item_latent_8 + item_latent_9 - 1 | user_latent_0 + user_latent_1 + user_latent_2 + user_latent_3 + user_latent_4 + user_latent_5 + user_latent_6 + user_latent_7 + user_latent_8 + user_latent_9 - 1 | 0",5000,2
16.625,"choice ~ 0 | user_latent_0 + user_latent_1 + user_latent_2 + user_latent_3 + user_latent_4 + user_latent_5 + user_latent_6 + user_latent_7 + user_latent_8 + user_latent_9 - 1 | 0",7000,2
3.96199999999999,"choice ~ item_latent_0 + item_latent_1 + item_latent_2 + item_latent_3 + item_latent_4 + item_latent_5 + item_latent_6 + item_latent_7 + item_latent_8 + item_latent_9 - 1 | 0 | 0",7000,2
17.3380000000002,"choice ~ item_latent_0 + item_latent_1 + item_latent_2 + item_latent_3 + item_latent_4 + item_latent_5 + item_latent_6 + item_latent_7 + item_latent_8 + item_latent_9 - 1 | user_latent_0 + user_latent_1 + user_latent_2 + user_latent_3 + user_latent_4 + user_latent_5 + user_latent_6 + user_latent_7 + user_latent_8 + user_latent_9 - 1 | 0",7000,2
23.4189999999999,"choice ~ 0 | user_latent_0 + user_latent_1 + user_latent_2 + user_latent_3 + user_latent_4 + user_latent_5 + user_latent_6 + user_latent_7 + user_latent_8 + user_latent_9 - 1 | 0",10000,2
5.69000000000005,"choice ~ item_latent_0 + item_latent_1 + item_latent_2 + item_latent_3 + item_latent_4 + item_latent_5 + item_latent_6 + item_latent_7 + item_latent_8 + item_latent_9 - 1 | 0 | 0",10000,2
23.9430000000002,"choice ~ item_latent_0 + item_latent_1 + item_latent_2 + item_latent_3 + item_latent_4 + item_latent_5 + item_latent_6 + item_latent_7 + item_latent_8 + item_latent_9 - 1 | user_latent_0 + user_latent_1 + user_latent_2 + user_latent_3 + user_latent_4 + user_latent_5 + user_latent_6 + user_latent_7 + user_latent_8 + user_latent_9 - 1 | 0",10000,2
84.3240000000001,"choice ~ 0 | user_latent_0 + user_latent_1 + user_latent_2 + user_latent_3 + user_latent_4 + user_latent_5 + user_latent_6 + user_latent_7 + user_latent_8 + user_latent_9 - 1 | 0",30000,2
19.3209999999999,"choice ~ item_latent_0 + item_latent_1 + item_latent_2 + item_latent_3 + item_latent_4 + item_latent_5 + item_latent_6 + item_latent_7 + item_latent_8 + item_latent_9 - 1 | 0 | 0",30000,2
95.3320000000003,"choice ~ item_latent_0 + item_latent_1 + item_latent_2 + item_latent_3 + item_latent_4 + item_latent_5 + item_latent_6 + item_latent_7 + item_latent_8 + item_latent_9 - 1 | user_latent_0 + user_latent_1 + user_latent_2 + user_latent_3 + user_latent_4 + user_latent_5 + user_latent_6 + user_latent_7 + user_latent_8 + user_latent_9 - 1 | 0",30000,2
166.009,"choice ~ 0 | user_latent_0 + user_latent_1 + user_latent_2 + user_latent_3 + user_latent_4 + user_latent_5 + user_latent_6 + user_latent_7 + user_latent_8 + user_latent_9 - 1 | 0",50000,2
32.4829999999997,"choice ~ item_latent_0 + item_latent_1 + item_latent_2 + item_latent_3 + item_latent_4 + item_latent_5 + item_latent_6 + item_latent_7 + item_latent_8 + item_latent_9 - 1 | 0 | 0",50000,2
178.186,"choice ~ item_latent_0 + item_latent_1 + item_latent_2 + item_latent_3 + item_latent_4 + item_latent_5 + item_latent_6 + item_latent_7 + item_latent_8 + item_latent_9 - 1 | user_latent_0 + user_latent_1 + user_latent_2 + user_latent_3 + user_latent_4 + user_latent_5 + user_latent_6 + user_latent_7 + user_latent_8 + user_latent_9 - 1 | 0",50000,2
242.936,"choice ~ 0 | user_latent_0 + user_latent_1 + user_latent_2 + user_latent_3 + user_latent_4 + user_latent_5 + user_latent_6 + user_latent_7 + user_latent_8 + user_latent_9 - 1 | 0",70000,2
44.7190000000001,"choice ~ item_latent_0 + item_latent_1 + item_latent_2 + item_latent_3 + item_latent_4 + item_latent_5 + item_latent_6 + item_latent_7 + item_latent_8 + item_latent_9 - 1 | 0 | 0",70000,2
246.559,"choice ~ item_latent_0 + item_latent_1 + item_latent_2 + item_latent_3 + item_latent_4 + item_latent_5 + item_latent_6 + item_latent_7 + item_latent_8 + item_latent_9 - 1 | user_latent_0 + user_latent_1 + user_latent_2 + user_latent_3 + user_latent_4 + user_latent_5 + user_latent_6 + user_latent_7 + user_latent_8 + user_latent_9 - 1 | 0",70000,2
354.994,"choice ~ 0 | user_latent_0 + user_latent_1 + user_latent_2 + user_latent_3 + user_latent_4 + user_latent_5 + user_latent_6 + user_latent_7 + user_latent_8 + user_latent_9 - 1 | 0",1e+05,2
65.7779999999998,"choice ~ item_latent_0 + item_latent_1 + item_latent_2 + item_latent_3 + item_latent_4 + item_latent_5 + item_latent_6 + item_latent_7 + item_latent_8 + item_latent_9 - 1 | 0 | 0",1e+05,2
364.916,"choice ~ item_latent_0 + item_latent_1 + item_latent_2 + item_latent_3 + item_latent_4 + item_latent_5 + item_latent_6 + item_latent_7 + item_latent_8 + item_latent_9 - 1 | user_latent_0 + user_latent_1 + user_latent_2 + user_latent_3 + user_latent_4 + user_latent_5 + user_latent_6 + user_latent_7 + user_latent_8 + user_latent_9 - 1 | 0",1e+05,2
2.73300000000017,"choice ~ 0 | user_latent_0 + user_latent_1 + user_latent_2 + user_latent_3 + user_latent_4 + user_latent_5 + user_latent_6 + user_latent_7 + user_latent_8 + user_latent_9 - 1 | 0",1000,3
0.456000000000131,"choice ~ item_latent_0 + item_latent_1 + item_latent_2 + item_latent_3 + item_latent_4 + item_latent_5 + item_latent_6 + item_latent_7 + item_latent_8 + item_latent_9 - 1 | 0 | 0",1000,3
2.66899999999987,"choice ~ item_latent_0 + item_latent_1 + item_latent_2 + item_latent_3 + item_latent_4 + item_latent_5 + item_latent_6 + item_latent_7 + item_latent_8 + item_latent_9 - 1 | user_latent_0 + user_latent_1 + user_latent_2 + user_latent_3 + user_latent_4 + user_latent_5 + user_latent_6 + user_latent_7 + user_latent_8 + user_latent_9 - 1 | 0",1000,3
4.56899999999951,"choice ~ 0 | user_latent_0 + user_latent_1 + user_latent_2 + user_latent_3 + user_latent_4 + user_latent_5 + user_latent_6 + user_latent_7 + user_latent_8 + user_latent_9 - 1 | 0",2000,3
0.970999999999549,"choice ~ item_latent_0 + item_latent_1 + item_latent_2 + item_latent_3 + item_latent_4 + item_latent_5 + item_latent_6 + item_latent_7 + item_latent_8 + item_latent_9 - 1 | 0 | 0",2000,3
5.44400000000041,"choice ~ item_latent_0 + item_latent_1 + item_latent_2 + item_latent_3 + item_latent_4 + item_latent_5 + item_latent_6 + item_latent_7 + item_latent_8 + item_latent_9 - 1 | user_latent_0 + user_latent_1 + user_latent_2 + user_latent_3 + user_latent_4 + user_latent_5 + user_latent_6 + user_latent_7 + user_latent_8 + user_latent_9 - 1 | 0",2000,3
6.62700000000041,"choice ~ 0 | user_latent_0 + user_latent_1 + user_latent_2 + user_latent_3 + user_latent_4 + user_latent_5 + user_latent_6 + user_latent_7 + user_latent_8 + user_latent_9 - 1 | 0",3000,3
1.51499999999942,"choice ~ item_latent_0 + item_latent_1 + item_latent_2 + item_latent_3 + item_latent_4 + item_latent_5 + item_latent_6 + item_latent_7 + item_latent_8 + item_latent_9 - 1 | 0 | 0",3000,3
7.01000000000022,"choice ~ item_latent_0 + item_latent_1 + item_latent_2 + item_latent_3 + item_latent_4 + item_latent_5 + item_latent_6 + item_latent_7 + item_latent_8 + item_latent_9 - 1 | user_latent_0 + user_latent_1 + user_latent_2 + user_latent_3 + user_latent_4 + user_latent_5 + user_latent_6 + user_latent_7 + user_latent_8 + user_latent_9 - 1 | 0",3000,3
11.8490000000002,"choice ~ 0 | user_latent_0 + user_latent_1 + user_latent_2 + user_latent_3 + user_latent_4 + user_latent_5 + user_latent_6 + user_latent_7 + user_latent_8 + user_latent_9 - 1 | 0",5000,3
2.74600000000009,"choice ~ item_latent_0 + item_latent_1 + item_latent_2 + item_latent_3 + item_latent_4 + item_latent_5 + item_latent_6 + item_latent_7 + item_latent_8 + item_latent_9 - 1 | 0 | 0",5000,3
12.5259999999998,"choice ~ item_latent_0 + item_latent_1 + item_latent_2 + item_latent_3 + item_latent_4 + item_latent_5 + item_latent_6 + item_latent_7 + item_latent_8 + item_latent_9 - 1 | user_latent_0 + user_latent_1 + user_latent_2 + user_latent_3 + user_latent_4 + user_latent_5 + user_latent_6 + user_latent_7 + user_latent_8 + user_latent_9 - 1 | 0",5000,3
16.991,"choice ~ 0 | user_latent_0 + user_latent_1 + user_latent_2 + user_latent_3 + user_latent_4 + user_latent_5 + user_latent_6 + user_latent_7 + user_latent_8 + user_latent_9 - 1 | 0",7000,3
3.93399999999929,"choice ~ item_latent_0 + item_latent_1 + item_latent_2 + item_latent_3 + item_latent_4 + item_latent_5 + item_latent_6 + item_latent_7 + item_latent_8 + item_latent_9 - 1 | 0 | 0",7000,3
17.259,"choice ~ item_latent_0 + item_latent_1 + item_latent_2 + item_latent_3 + item_latent_4 + item_latent_5 + item_latent_6 + item_latent_7 + item_latent_8 + item_latent_9 - 1 | user_latent_0 + user_latent_1 + user_latent_2 + user_latent_3 + user_latent_4 + user_latent_5 + user_latent_6 + user_latent_7 + user_latent_8 + user_latent_9 - 1 | 0",7000,3
23.2960000000003,"choice ~ 0 | user_latent_0 + user_latent_1 + user_latent_2 + user_latent_3 + user_latent_4 + user_latent_5 + user_latent_6 + user_latent_7 + user_latent_8 + user_latent_9 - 1 | 0",10000,3
5.82800000000043,"choice ~ item_latent_0 + item_latent_1 + item_latent_2 + item_latent_3 + item_latent_4 + item_latent_5 + item_latent_6 + item_latent_7 + item_latent_8 + item_latent_9 - 1 | 0 | 0",10000,3
25.3869999999997,"choice ~ item_latent_0 + item_latent_1 + item_latent_2 + item_latent_3 + item_latent_4 + item_latent_5 + item_latent_6 + item_latent_7 + item_latent_8 + item_latent_9 - 1 | user_latent_0 + user_latent_1 + user_latent_2 + user_latent_3 + user_latent_4 + user_latent_5 + user_latent_6 + user_latent_7 + user_latent_8 + user_latent_9 - 1 | 0",10000,3
84.5630000000001,"choice ~ 0 | user_latent_0 + user_latent_1 + user_latent_2 + user_latent_3 + user_latent_4 + user_latent_5 + user_latent_6 + user_latent_7 + user_latent_8 + user_latent_9 - 1 | 0",30000,3
18.71,"choice ~ item_latent_0 + item_latent_1 + item_latent_2 + item_latent_3 + item_latent_4 + item_latent_5 + item_latent_6 + item_latent_7 + item_latent_8 + item_latent_9 - 1 | 0 | 0",30000,3
88.933,"choice ~ item_latent_0 + item_latent_1 + item_latent_2 + item_latent_3 + item_latent_4 + item_latent_5 + item_latent_6 + item_latent_7 + item_latent_8 + item_latent_9 - 1 | user_latent_0 + user_latent_1 + user_latent_2 + user_latent_3 + user_latent_4 + user_latent_5 + user_latent_6 + user_latent_7 + user_latent_8 + user_latent_9 - 1 | 0",30000,3
153.062,"choice ~ 0 | user_latent_0 + user_latent_1 + user_latent_2 + user_latent_3 + user_latent_4 + user_latent_5 + user_latent_6 + user_latent_7 + user_latent_8 + user_latent_9 - 1 | 0",50000,3
31.6869999999999,"choice ~ item_latent_0 + item_latent_1 + item_latent_2 + item_latent_3 + item_latent_4 + item_latent_5 + item_latent_6 + item_latent_7 + item_latent_8 + item_latent_9 - 1 | 0 | 0",50000,3
159.211,"choice ~ item_latent_0 + item_latent_1 + item_latent_2 + item_latent_3 + item_latent_4 + item_latent_5 + item_latent_6 + item_latent_7 + item_latent_8 + item_latent_9 - 1 | user_latent_0 + user_latent_1 + user_latent_2 + user_latent_3 + user_latent_4 + user_latent_5 + user_latent_6 + user_latent_7 + user_latent_8 + user_latent_9 - 1 | 0",50000,3
240.689,"choice ~ 0 | user_latent_0 + user_latent_1 + user_latent_2 + user_latent_3 + user_latent_4 + user_latent_5 + user_latent_6 + user_latent_7 + user_latent_8 + user_latent_9 - 1 | 0",70000,3
45.9360000000006,"choice ~ item_latent_0 + item_latent_1 + item_latent_2 + item_latent_3 + item_latent_4 + item_latent_5 + item_latent_6 + item_latent_7 + item_latent_8 + item_latent_9 - 1 | 0 | 0",70000,3
247.773,"choice ~ item_latent_0 + item_latent_1 + item_latent_2 + item_latent_3 + item_latent_4 + item_latent_5 + item_latent_6 + item_latent_7 + item_latent_8 + item_latent_9 - 1 | user_latent_0 + user_latent_1 + user_latent_2 + user_latent_3 + user_latent_4 + user_latent_5 + user_latent_6 + user_latent_7 + user_latent_8 + user_latent_9 - 1 | 0",70000,3
355.632000000001,"choice ~ 0 | user_latent_0 + user_latent_1 + user_latent_2 + user_latent_3 + user_latent_4 + user_latent_5 + user_latent_6 + user_latent_7 + user_latent_8 + user_latent_9 - 1 | 0",1e+05,3
66.3540000000003,"choice ~ item_latent_0 + item_latent_1 + item_latent_2 + item_latent_3 + item_latent_4 + item_latent_5 + item_latent_6 + item_latent_7 + item_latent_8 + item_latent_9 - 1 | 0 | 0",1e+05,3
364.912,"choice ~ item_latent_0 + item_latent_1 + item_latent_2 + item_latent_3 + item_latent_4 + item_latent_5 + item_latent_6 + item_latent_7 + item_latent_8 + item_latent_9 - 1 | user_latent_0 + user_latent_1 + user_latent_2 + user_latent_3 + user_latent_4 + user_latent_5 + user_latent_6 + user_latent_7 + user_latent_8 + user_latent_9 - 1 | 0",1e+05,3
2.78700000000026,"choice ~ 0 | user_latent_0 + user_latent_1 + user_latent_2 + user_latent_3 + user_latent_4 + user_latent_5 + user_latent_6 + user_latent_7 + user_latent_8 + user_latent_9 - 1 | 0",1000,4
0.445999999999913,"choice ~ item_latent_0 + item_latent_1 + item_latent_2 + item_latent_3 + item_latent_4 + item_latent_5 + item_latent_6 + item_latent_7 + item_latent_8 + item_latent_9 - 1 | 0 | 0",1000,4
2.56099999999969,"choice ~ item_latent_0 + item_latent_1 + item_latent_2 + item_latent_3 + item_latent_4 + item_latent_5 + item_latent_6 + item_latent_7 + item_latent_8 + item_latent_9 - 1 | user_latent_0 + user_latent_1 + user_latent_2 + user_latent_3 + user_latent_4 + user_latent_5 + user_latent_6 + user_latent_7 + user_latent_8 + user_latent_9 - 1 | 0",1000,4
4.17600000000039,"choice ~ 0 | user_latent_0 + user_latent_1 + user_latent_2 + user_latent_3 + user_latent_4 + user_latent_5 + user_latent_6 + user_latent_7 + user_latent_8 + user_latent_9 - 1 | 0",2000,4
0.958999999999833,"choice ~ item_latent_0 + item_latent_1 + item_latent_2 + item_latent_3 + item_latent_4 + item_latent_5 + item_latent_6 + item_latent_7 + item_latent_8 + item_latent_9 - 1 | 0 | 0",2000,4
4.89300000000003,"choice ~ item_latent_0 + item_latent_1 + item_latent_2 + item_latent_3 + item_latent_4 + item_latent_5 + item_latent_6 + item_latent_7 + item_latent_8 + item_latent_9 - 1 | user_latent_0 + user_latent_1 + user_latent_2 + user_latent_3 + user_latent_4 + user_latent_5 + user_latent_6 + user_latent_7 + user_latent_8 + user_latent_9 - 1 | 0",2000,4
6.625,"choice ~ 0 | user_latent_0 + user_latent_1 + user_latent_2 + user_latent_3 + user_latent_4 + user_latent_5 + user_latent_6 + user_latent_7 + user_latent_8 + user_latent_9 - 1 | 0",3000,4
1.50399999999991,"choice ~ item_latent_0 + item_latent_1 + item_latent_2 + item_latent_3 + item_latent_4 + item_latent_5 + item_latent_6 + item_latent_7 + item_latent_8 + item_latent_9 - 1 | 0 | 0",3000,4
6.77400000000034,"choice ~ item_latent_0 + item_latent_1 + item_latent_2 + item_latent_3 + item_latent_4 + item_latent_5 + item_latent_6 + item_latent_7 + item_latent_8 + item_latent_9 - 1 | user_latent_0 + user_latent_1 + user_latent_2 + user_latent_3 + user_latent_4 + user_latent_5 + user_latent_6 + user_latent_7 + user_latent_8 + user_latent_9 - 1 | 0",3000,4
11.3469999999998,"choice ~ 0 | user_latent_0 + user_latent_1 + user_latent_2 + user_latent_3 + user_latent_4 + user_latent_5 + user_latent_6 + user_latent_7 + user_latent_8 + user_latent_9 - 1 | 0",5000,4
2.69599999999991,"choice ~ item_latent_0 + item_latent_1 + item_latent_2 + item_latent_3 + item_latent_4 + item_latent_5 + item_latent_6 + item_latent_7 + item_latent_8 + item_latent_9 - 1 | 0 | 0",5000,4
12.3440000000001,"choice ~ item_latent_0 + item_latent_1 + item_latent_2 + item_latent_3 + item_latent_4 + item_latent_5 + item_latent_6 + item_latent_7 + item_latent_8 + item_latent_9 - 1 | user_latent_0 + user_latent_1 + user_latent_2 + user_latent_3 + user_latent_4 + user_latent_5 + user_latent_6 + user_latent_7 + user_latent_8 + user_latent_9 - 1 | 0",5000,4
16.8890000000001,"choice ~ 0 | user_latent_0 + user_latent_1 + user_latent_2 + user_latent_3 + user_latent_4 + user_latent_5 + user_latent_6 + user_latent_7 + user_latent_8 + user_latent_9 - 1 | 0",7000,4
3.90700000000015,"choice ~ item_latent_0 + item_latent_1 + item_latent_2 + item_latent_3 + item_latent_4 + item_latent_5 + item_latent_6 + item_latent_7 + item_latent_8 + item_latent_9 - 1 | 0 | 0",7000,4
17.3630000000003,"choice ~ item_latent_0 + item_latent_1 + item_latent_2 + item_latent_3 + item_latent_4 + item_latent_5 + item_latent_6 + item_latent_7 + item_latent_8 + item_latent_9 - 1 | user_latent_0 + user_latent_1 + user_latent_2 + user_latent_3 + user_latent_4 + user_latent_5 + user_latent_6 + user_latent_7 + user_latent_8 + user_latent_9 - 1 | 0",7000,4
23.3390000000009,"choice ~ 0 | user_latent_0 + user_latent_1 + user_latent_2 + user_latent_3 + user_latent_4 + user_latent_5 + user_latent_6 + user_latent_7 + user_latent_8 + user_latent_9 - 1 | 0",10000,4
5.64500000000044,"choice ~ item_latent_0 + item_latent_1 + item_latent_2 + item_latent_3 + item_latent_4 + item_latent_5 + item_latent_6 + item_latent_7 + item_latent_8 + item_latent_9 - 1 | 0 | 0",10000,4
24.5550000000003,"choice ~ item_latent_0 + item_latent_1 + item_latent_2 + item_latent_3 + item_latent_4 + item_latent_5 + item_latent_6 + item_latent_7 + item_latent_8 + item_latent_9 - 1 | user_latent_0 + user_latent_1 + user_latent_2 + user_latent_3 + user_latent_4 + user_latent_5 + user_latent_6 + user_latent_7 + user_latent_8 + user_latent_9 - 1 | 0",10000,4
72.7860000000001,"choice ~ 0 | user_latent_0 + user_latent_1 + user_latent_2 + user_latent_3 + user_latent_4 + user_latent_5 + user_latent_6 + user_latent_7 + user_latent_8 + user_latent_9 - 1 | 0",30000,4
18.6809999999996,"choice ~ item_latent_0 + item_latent_1 + item_latent_2 + item_latent_3 + item_latent_4 + item_latent_5 + item_latent_6 + item_latent_7 + item_latent_8 + item_latent_9 - 1 | 0 | 0",30000,4
88.2889999999998,"choice ~ item_latent_0 + item_latent_1 + item_latent_2 + item_latent_3 + item_latent_4 + item_latent_5 + item_latent_6 + item_latent_7 + item_latent_8 + item_latent_9 - 1 | user_latent_0 + user_latent_1 + user_latent_2 + user_latent_3 + user_latent_4 + user_latent_5 + user_latent_6 + user_latent_7 + user_latent_8 + user_latent_9 - 1 | 0",30000,4
155.679,"choice ~ 0 | user_latent_0 + user_latent_1 + user_latent_2 + user_latent_3 + user_latent_4 + user_latent_5 + user_latent_6 + user_latent_7 + user_latent_8 + user_latent_9 - 1 | 0",50000,4
32.0100000000002,"choice ~ item_latent_0 + item_latent_1 + item_latent_2 + item_latent_3 + item_latent_4 + item_latent_5 + item_latent_6 + item_latent_7 + item_latent_8 + item_latent_9 - 1 | 0 | 0",50000,4
166.486,"choice ~ item_latent_0 + item_latent_1 + item_latent_2 + item_latent_3 + item_latent_4 + item_latent_5 + item_latent_6 + item_latent_7 + item_latent_8 + item_latent_9 - 1 | user_latent_0 + user_latent_1 + user_latent_2 + user_latent_3 + user_latent_4 + user_latent_5 + user_latent_6 + user_latent_7 + user_latent_8 + user_latent_9 - 1 | 0",50000,4
235.537,"choice ~ 0 | user_latent_0 + user_latent_1 + user_latent_2 + user_latent_3 + user_latent_4 + user_latent_5 + user_latent_6 + user_latent_7 + user_latent_8 + user_latent_9 - 1 | 0",70000,4
45.7909999999993,"choice ~ item_latent_0 + item_latent_1 + item_latent_2 + item_latent_3 + item_latent_4 + item_latent_5 + item_latent_6 + item_latent_7 + item_latent_8 + item_latent_9 - 1 | 0 | 0",70000,4
251.444,"choice ~ item_latent_0 + item_latent_1 + item_latent_2 + item_latent_3 + item_latent_4 + item_latent_5 + item_latent_6 + item_latent_7 + item_latent_8 + item_latent_9 - 1 | user_latent_0 + user_latent_1 + user_latent_2 + user_latent_3 + user_latent_4 + user_latent_5 + user_latent_6 + user_latent_7 + user_latent_8 + user_latent_9 - 1 | 0",70000,4
361.268,"choice ~ 0 | user_latent_0 + user_latent_1 + user_latent_2 + user_latent_3 + user_latent_4 + user_latent_5 + user_latent_6 + user_latent_7 + user_latent_8 + user_latent_9 - 1 | 0",1e+05,4
66.4620000000004,"choice ~ item_latent_0 + item_latent_1 + item_latent_2 + item_latent_3 + item_latent_4 + item_latent_5 + item_latent_6 + item_latent_7 + item_latent_8 + item_latent_9 - 1 | 0 | 0",1e+05,4
367.045999999999,"choice ~ item_latent_0 + item_latent_1 + item_latent_2 + item_latent_3 + item_latent_4 + item_latent_5 + item_latent_6 + item_latent_7 + item_latent_8 + item_latent_9 - 1 | user_latent_0 + user_latent_1 + user_latent_2 + user_latent_3 + user_latent_4 + user_latent_5 + user_latent_6 + user_latent_7 + user_latent_8 + user_latent_9 - 1 | 0",1e+05,4
2.53700000000026,"choice ~ 0 | user_latent_0 + user_latent_1 + user_latent_2 + user_latent_3 + user_latent_4 + user_latent_5 + user_latent_6 + user_latent_7 + user_latent_8 + user_latent_9 - 1 | 0",1000,5
0.444000000001324,"choice ~ item_latent_0 + item_latent_1 + item_latent_2 + item_latent_3 + item_latent_4 + item_latent_5 + item_latent_6 + item_latent_7 + item_latent_8 + item_latent_9 - 1 | 0 | 0",1000,5
2.53999999999905,"choice ~ item_latent_0 + item_latent_1 + item_latent_2 + item_latent_3 + item_latent_4 + item_latent_5 + item_latent_6 + item_latent_7 + item_latent_8 + item_latent_9 - 1 | user_latent_0 + user_latent_1 + user_latent_2 + user_latent_3 + user_latent_4 + user_latent_5 + user_latent_6 + user_latent_7 + user_latent_8 + user_latent_9 - 1 | 0",1000,5
4.22999999999956,"choice ~ 0 | user_latent_0 + user_latent_1 + user_latent_2 + user_latent_3 + user_latent_4 + user_latent_5 + user_latent_6 + user_latent_7 + user_latent_8 + user_latent_9 - 1 | 0",2000,5
0.973999999998341,"choice ~ item_latent_0 + item_latent_1 + item_latent_2 + item_latent_3 + item_latent_4 + item_latent_5 + item_latent_6 + item_latent_7 + item_latent_8 + item_latent_9 - 1 | 0 | 0",2000,5
4.90899999999965,"choice ~ item_latent_0 + item_latent_1 + item_latent_2 + item_latent_3 + item_latent_4 + item_latent_5 + item_latent_6 + item_latent_7 + item_latent_8 + item_latent_9 - 1 | user_latent_0 + user_latent_1 + user_latent_2 + user_latent_3 + user_latent_4 + user_latent_5 + user_latent_6 + user_latent_7 + user_latent_8 + user_latent_9 - 1 | 0",2000,5
6.78100000000086,"choice ~ 0 | user_latent_0 + user_latent_1 + user_latent_2 + user_latent_3 + user_latent_4 + user_latent_5 + user_latent_6 + user_latent_7 + user_latent_8 + user_latent_9 - 1 | 0",3000,5
1.52200000000084,"choice ~ item_latent_0 + item_latent_1 + item_latent_2 + item_latent_3 + item_latent_4 + item_latent_5 + item_latent_6 + item_latent_7 + item_latent_8 + item_latent_9 - 1 | 0 | 0",3000,5
6.73999999999978,"choice ~ item_latent_0 + item_latent_1 + item_latent_2 + item_latent_3 + item_latent_4 + item_latent_5 + item_latent_6 + item_latent_7 + item_latent_8 + item_latent_9 - 1 | user_latent_0 + user_latent_1 + user_latent_2 + user_latent_3 + user_latent_4 + user_latent_5 + user_latent_6 + user_latent_7 + user_latent_8 + user_latent_9 - 1 | 0",3000,5
11.5660000000007,"choice ~ 0 | user_latent_0 + user_latent_1 + user_latent_2 + user_latent_3 + user_latent_4 + user_latent_5 + user_latent_6 + user_latent_7 + user_latent_8 + user_latent_9 - 1 | 0",5000,5
2.69399999999951,"choice ~ item_latent_0 + item_latent_1 + item_latent_2 + item_latent_3 + item_latent_4 + item_latent_5 + item_latent_6 + item_latent_7 + item_latent_8 + item_latent_9 - 1 | 0 | 0",5000,5
12.5329999999994,"choice ~ item_latent_0 + item_latent_1 + item_latent_2 + item_latent_3 + item_latent_4 + item_latent_5 + item_latent_6 + item_latent_7 + item_latent_8 + item_latent_9 - 1 | user_latent_0 + user_latent_1 + user_latent_2 + user_latent_3 + user_latent_4 + user_latent_5 + user_latent_6 + user_latent_7 + user_latent_8 + user_latent_9 - 1 | 0",5000,5
16.8719999999994,"choice ~ 0 | user_latent_0 + user_latent_1 + user_latent_2 + user_latent_3 + user_latent_4 + user_latent_5 + user_latent_6 + user_latent_7 + user_latent_8 + user_latent_9 - 1 | 0",7000,5
3.91699999999946,"choice ~ item_latent_0 + item_latent_1 + item_latent_2 + item_latent_3 + item_latent_4 + item_latent_5 + item_latent_6 + item_latent_7 + item_latent_8 + item_latent_9 - 1 | 0 | 0",7000,5
17.7799999999988,"choice ~ item_latent_0 + item_latent_1 + item_latent_2 + item_latent_3 + item_latent_4 + item_latent_5 + item_latent_6 + item_latent_7 + item_latent_8 + item_latent_9 - 1 | user_latent_0 + user_latent_1 + user_latent_2 + user_latent_3 + user_latent_4 + user_latent_5 + user_latent_6 + user_latent_7 + user_latent_8 + user_latent_9 - 1 | 0",7000,5
23.9620000000014,"choice ~ 0 | user_latent_0 + user_latent_1 + user_latent_2 + user_latent_3 + user_latent_4 + user_latent_5 + user_latent_6 + user_latent_7 + user_latent_8 + user_latent_9 - 1 | 0",10000,5
5.56899999999951,"choice ~ item_latent_0 + item_latent_1 + item_latent_2 + item_latent_3 + item_latent_4 + item_latent_5 + item_latent_6 + item_latent_7 + item_latent_8 + item_latent_9 - 1 | 0 | 0",10000,5
24.3589999999986,"choice ~ item_latent_0 + item_latent_1 + item_latent_2 + item_latent_3 + item_latent_4 + item_latent_5 + item_latent_6 + item_latent_7 + item_latent_8 + item_latent_9 - 1 | user_latent_0 + user_latent_1 + user_latent_2 + user_latent_3 + user_latent_4 + user_latent_5 + user_latent_6 + user_latent_7 + user_latent_8 + user_latent_9 - 1 | 0",10000,5
77.4119999999984,"choice ~ 0 | user_latent_0 + user_latent_1 + user_latent_2 + user_latent_3 + user_latent_4 + user_latent_5 + user_latent_6 + user_latent_7 + user_latent_8 + user_latent_9 - 1 | 0",30000,5
18.7920000000013,"choice ~ item_latent_0 + item_latent_1 + item_latent_2 + item_latent_3 + item_latent_4 + item_latent_5 + item_latent_6 + item_latent_7 + item_latent_8 + item_latent_9 - 1 | 0 | 0",30000,5
83.8989999999994,"choice ~ item_latent_0 + item_latent_1 + item_latent_2 + item_latent_3 + item_latent_4 + item_latent_5 + item_latent_6 + item_latent_7 + item_latent_8 + item_latent_9 - 1 | user_latent_0 + user_latent_1 + user_latent_2 + user_latent_3 + user_latent_4 + user_latent_5 + user_latent_6 + user_latent_7 + user_latent_8 + user_latent_9 - 1 | 0",30000,5
155,"choice ~ 0 | user_latent_0 + user_latent_1 + user_latent_2 + user_latent_3 + user_latent_4 + user_latent_5 + user_latent_6 + user_latent_7 + user_latent_8 + user_latent_9 - 1 | 0",50000,5
31.880000000001,"choice ~ item_latent_0 + item_latent_1 + item_latent_2 + item_latent_3 + item_latent_4 + item_latent_5 + item_latent_6 + item_latent_7 + item_latent_8 + item_latent_9 - 1 | 0 | 0",50000,5
162.960999999999,"choice ~ item_latent_0 + item_latent_1 + item_latent_2 + item_latent_3 + item_latent_4 + item_latent_5 + item_latent_6 + item_latent_7 + item_latent_8 + item_latent_9 - 1 | user_latent_0 + user_latent_1 + user_latent_2 + user_latent_3 + user_latent_4 + user_latent_5 + user_latent_6 + user_latent_7 + user_latent_8 + user_latent_9 - 1 | 0",50000,5
241.555,"choice ~ 0 | user_latent_0 + user_latent_1 + user_latent_2 + user_latent_3 + user_latent_4 + user_latent_5 + user_latent_6 + user_latent_7 + user_latent_8 + user_latent_9 - 1 | 0",70000,5
46.1869999999999,"choice ~ item_latent_0 + item_latent_1 + item_latent_2 + item_latent_3 + item_latent_4 + item_latent_5 + item_latent_6 + item_latent_7 + item_latent_8 + item_latent_9 - 1 | 0 | 0",70000,5
245.097,"choice ~ item_latent_0 + item_latent_1 + item_latent_2 + item_latent_3 + item_latent_4 + item_latent_5 + item_latent_6 + item_latent_7 + item_latent_8 + item_latent_9 - 1 | user_latent_0 + user_latent_1 + user_latent_2 + user_latent_3 + user_latent_4 + user_latent_5 + user_latent_6 + user_latent_7 + user_latent_8 + user_latent_9 - 1 | 0",70000,5
346.565999999999,"choice ~ 0 | user_latent_0 + user_latent_1 + user_latent_2 + user_latent_3 + user_latent_4 + user_latent_5 + user_latent_6 + user_latent_7 + user_latent_8 + user_latent_9 - 1 | 0",1e+05,5
65.1909999999989,"choice ~ item_latent_0 + item_latent_1 + item_latent_2 + item_latent_3 + item_latent_4 + item_latent_5 + item_latent_6 + item_latent_7 + item_latent_8 + item_latent_9 - 1 | 0 | 0",1e+05,5
354.800999999999,"choice ~ item_latent_0 + item_latent_1 + item_latent_2 + item_latent_3 + item_latent_4 + item_latent_5 + item_latent_6 + item_latent_7 + item_latent_8 + item_latent_9 - 1 | user_latent_0 + user_latent_1 + user_latent_2 + user_latent_3 + user_latent_4 + user_latent_5 + user_latent_6 + user_latent_7 + user_latent_8 + user_latent_9 - 1 | 0",1e+05,5
